{"entropy_A.csv.json": {"0": 5.35, "1": 4.5128571428571425, "2": 3.6981203007518797, "3": 3.09034749034749, "4": 2.540136054421769, "5": 1.8738977072310405, "6": 1.3504464285714286, "7": 0.6428571428571429, "8": 0}, "entropy_C.csv.json": {"0": 4.55, "1": 2.9358333333333335, "2": 2.057142857142857, "3": 1.1944444444444444, "4": 0.6, "5": 0}, "entropy_E.csv.json": {"0": 3.6923076923076925, "1": 3.162087912087912, "2": 2.4952380952380953, "3": 1.9862637362637363, "4": 1.6095238095238096, "5": 1.4226190476190477, "6": 0.7619047619047619, "7": 0}, "entropy_H.csv.json": {"0": 5.257142857142857, "1": 4.612551020408163, "2": 3.9436734693877553, "3": 3.335714285714286, "4": 2.9134453781512604, "5": 2.1926020408163267, "6": 1.6023809523809525, "7": 0.75, "8": 0}, "entropy_K.csv.json": {"0": 3.3636363636363638, "1": 2.9045454545454548, "2": 2.256666666666667, "3": 1.73125, "4": 0.96, "5": 0}, "entropy_L.csv.json": {"0": 3, "1": 2.23234126984127, "2": 1.9742063492063493, "3": 1.7785714285714285, "4": 1.5293650793650795, "5": 1.2837301587301586, "6": 1.1160714285714286, "7": 0.5625, "8": 0}, "entropy_P.csv.json": {"0": 4, "1": 3.4333333333333336, "2": 2.871111111111111, "3": 2.192857142857143, "4": 1.3703703703703705, "5": 0.7777777777777778, "6": 0}, "entropy_T.csv.json": {"0": 4.066666666666666, "1": 3.6006613756613755, "2": 3.2093121693121693, "3": 2.8143650793650794, "4": 2.566137566137566, "5": 2.2288832199546484, "6": 1.806547619047619, "7": 1.454320987654321, "8": 1.1481481481481481, "9": 0.7333333333333334, "10": 0}, "entropy_Y.csv.json": {"0": 4.285714285714286, "1": 3.9456916099773243, "2": 3.4309523809523808, "3": 2.9139285714285714, "4": 2.296666666666667, "5": 1.804421768707483, "6": 0.9795918367346939, "7": 0}, "random_A.csv.json": {"0": 9.125, "1": 7.8915178571428575, "2": 6.763784461152882, "3": 5.27804054054054, "4": 3.389659863945578, "5": 2.046847442680776, "6": 1.1261160714285714, "7": 0.5267857142857143, "8": 0.0}, "random_C.csv.json": {"0": 5.1, "1": 2.660416666666667, "2": 1.7023809523809523, "3": 0.8277777777777778, "4": 0.3, "5": 0.0}, "random_E.csv.json": {"0": 8.346153846153847, "1": 7.110714285714286, "2": 5.782967032967033, "3": 3.958791208791209, "4": 2.808658008658009, "5": 2.150297619047619, "6": 0.6428571428571429, "7": 0.0}, "random_H.csv.json": {"0": 8.67142857142857, "1": 7.42765306122449, "2": 6.132108843537415, "3": 4.702551020408163, "4": 3.055672268907563, "5": 1.5334821428571428, "6": 0.8678571428571429, "7": 0.21875, "8": 0.0}, "random_K.csv.json": {"0": 4.545454545454546, "1": 3.257575757575758, "2": 2.033333333333333, "3": 1.03125, "4": 0.2, "5": 0.0}, "random_L.csv.json": {"0": 7.833333333333333, "1": 6.933333333333334, "2": 5.791666666666667, "3": 4.645833333333334, "4": 3.35, "5": 1.6666666666666667, "6": 0.9642857142857143, "7": 0.5, "8": 0.0}, "random_P.csv.json": {"0": 5.6875, "1": 4.244791666666667, "2": 3.088888888888889, "3": 1.5142857142857142, "4": 0.5333333333333333, "5": 0.3333333333333333, "6": 0.0}, "random_T.csv.json": {"0": 9.833333333333334, "1": 8.747936507936508, "2": 7.654285714285714, "3": 6.406666666666666, "4": 4.952698412698413, "5": 3.6252125850340136, "6": 2.5074404761904763, "7": 1.6743827160493827, "8": 0.8240740740740741, "9": 0.3333333333333333, "10": 0.0}, "random_Y.csv.json": {"0": 6.809523809523809, "1": 5.527380952380953, "2": 4.675833333333333, "3": 3.4525, "4": 1.7349999999999999, "5": 0.8035714285714286, "6": 0.14285714285714285, "7": 0.0}}